,Country,variable,value
0,Albania,Economic Freedom Summary Index,7.6
1,Algeria,Economic Freedom Summary Index,4.82
2,Angola,Economic Freedom Summary Index,5.38
3,Argentina,Economic Freedom Summary Index,4.77
4,Armenia,Economic Freedom Summary Index,7.58
5,Australia,Economic Freedom Summary Index,8.05
6,Austria,Economic Freedom Summary Index,7.69
7,Azerbaijan,Economic Freedom Summary Index,5.99
8,Bahamas,Economic Freedom Summary Index,6.55
9,Bahrain,Economic Freedom Summary Index,7.44
10,Bangladesh,Economic Freedom Summary Index,5.81
11,Barbados,Economic Freedom Summary Index,6.94
12,Belarus,Economic Freedom Summary Index,6.23
13,Belgium,Economic Freedom Summary Index,7.43
14,Belize,Economic Freedom Summary Index,5.91
15,Benin,Economic Freedom Summary Index,6.41
16,Bhutan,Economic Freedom Summary Index,6.62
17,Bolivia,Economic Freedom Summary Index,6.08
18,Bosnia and Herzegovina,Economic Freedom Summary Index,6.66
19,Botswana,Economic Freedom Summary Index,6.84
20,Brazil,Economic Freedom Summary Index,6.58
21,Brunei Darussalam,Economic Freedom Summary Index,7.12
22,Bulgaria,Economic Freedom Summary Index,7.46
23,Burkina Faso,Economic Freedom Summary Index,6.14
24,Burundi,Economic Freedom Summary Index,5.4
25,Cabo Verde,Economic Freedom Summary Index,7.38
26,Cambodia,Economic Freedom Summary Index,6.82
27,Cameroon,Economic Freedom Summary Index,5.72
28,Canada,Economic Freedom Summary Index,7.98
29,Central African Republic,Economic Freedom Summary Index,5.01
30,Chad,Economic Freedom Summary Index,5.31
31,Chile,Economic Freedom Summary Index,7.66
32,China,Economic Freedom Summary Index,6.18
33,Colombia,Economic Freedom Summary Index,6.6
34,Comoros,Economic Freedom Summary Index,5.63
35,"Congo, Dem. Rep.",Economic Freedom Summary Index,5.33
36,"Congo, Rep.",Economic Freedom Summary Index,4.85
37,Costa Rica,Economic Freedom Summary Index,7.76
38,Cote d’Ivoire,Economic Freedom Summary Index,6.04
39,Croatia,Economic Freedom Summary Index,7.25
40,Cyprus,Economic Freedom Summary Index,7.57
41,Czechia,Economic Freedom Summary Index,7.81
42,Denmark,Economic Freedom Summary Index,8.1
43,Djibouti,Economic Freedom Summary Index,5.79
44,Dominican Republic,Economic Freedom Summary Index,7.3
45,Ecuador,Economic Freedom Summary Index,6.46
46,Egypt,Economic Freedom Summary Index,5.47
47,El Salvador,Economic Freedom Summary Index,7.11
48,Estonia,Economic Freedom Summary Index,7.95
49,Eswatini,Economic Freedom Summary Index,5.33
50,Ethiopia,Economic Freedom Summary Index,5.44
51,Fiji,Economic Freedom Summary Index,6.32
52,Finland,Economic Freedom Summary Index,7.81
53,France,Economic Freedom Summary Index,7.4
54,Gabon,Economic Freedom Summary Index,5.41
55,Gambia,Economic Freedom Summary Index,7.11
56,Georgia,Economic Freedom Summary Index,7.71
57,Germany,Economic Freedom Summary Index,7.73
58,Ghana,Economic Freedom Summary Index,6.41
59,Greece,Economic Freedom Summary Index,6.94
60,Guatemala,Economic Freedom Summary Index,7.5
61,Guinea,Economic Freedom Summary Index,5.62
62,Guinea-Bissau,Economic Freedom Summary Index,5.53
63,Guyana,Economic Freedom Summary Index,5.43
64,Haiti,Economic Freedom Summary Index,6.15
65,Honduras,Economic Freedom Summary Index,6.97
66,Hong Kong,Economic Freedom Summary Index,8.55
67,Hungary,Economic Freedom Summary Index,7.36
68,Iceland,Economic Freedom Summary Index,7.93
69,India,Economic Freedom Summary Index,6.62
70,Indonesia,Economic Freedom Summary Index,6.93
71,Iran,Economic Freedom Summary Index,4.53
72,Iraq,Economic Freedom Summary Index,5.49
73,Ireland,Economic Freedom Summary Index,8.11
74,Israel,Economic Freedom Summary Index,7.57
75,Italy,Economic Freedom Summary Index,7.25
76,Jamaica,Economic Freedom Summary Index,7.46
77,Japan,Economic Freedom Summary Index,7.79
78,Jordan,Economic Freedom Summary Index,7.3
79,Kazakhstan,Economic Freedom Summary Index,7.13
80,Kenya,Economic Freedom Summary Index,6.82
81,Korea,Economic Freedom Summary Index,7.47
82,Korea,Economic Freedom Summary Index,7.47
83,Kuwait,Economic Freedom Summary Index,6.63
84,Kyrgyzstan,Economic Freedom Summary Index,6.88
85,Lao,Economic Freedom Summary Index,6.24
86,Latvia,Economic Freedom Summary Index,7.71
87,Lebanon,Economic Freedom Summary Index,5.15
88,Lesotho,Economic Freedom Summary Index,5.95
89,Liberia,Economic Freedom Summary Index,5.82
90,Libya,Economic Freedom Summary Index,4.65
91,Lithuania,Economic Freedom Summary Index,7.95
92,Luxembourg,Economic Freedom Summary Index,7.91
93,Madagascar,Economic Freedom Summary Index,5.92
94,Malawi,Economic Freedom Summary Index,5.87
95,Malaysia,Economic Freedom Summary Index,7.19
96,Mali,Economic Freedom Summary Index,5.8
97,Malta,Economic Freedom Summary Index,7.73
98,Mauritania,Economic Freedom Summary Index,5.78
99,Mauritius,Economic Freedom Summary Index,7.82
100,Mexico,Economic Freedom Summary Index,7.02
101,Moldova,Economic Freedom Summary Index,7.18
102,Mongolia,Economic Freedom Summary Index,7.04
103,Montenegro,Economic Freedom Summary Index,7.59
104,Morocco,Economic Freedom Summary Index,6.42
105,Mozambique,Economic Freedom Summary Index,6.03
106,Myanmar,Economic Freedom Summary Index,5.33
107,Namibia,Economic Freedom Summary Index,6.16
108,Nepal,Economic Freedom Summary Index,6.3
109,Netherlands,Economic Freedom Summary Index,7.76
110,New Zealand,Economic Freedom Summary Index,8.43
111,Nicaragua,Economic Freedom Summary Index,6.52
112,Niger,Economic Freedom Summary Index,5.8
113,Nigeria,Economic Freedom Summary Index,6.67
114,North Macedonia,Economic Freedom Summary Index,7.06
115,Norway,Economic Freedom Summary Index,7.67
116,Oman,Economic Freedom Summary Index,6.58
117,Pakistan,Economic Freedom Summary Index,5.98
118,Panama,Economic Freedom Summary Index,7.51
119,Papua New Guinea,Economic Freedom Summary Index,6.05
120,Paraguay,Economic Freedom Summary Index,7.02
121,Peru,Economic Freedom Summary Index,7.52
122,Philippines,Economic Freedom Summary Index,7.01
123,Poland,Economic Freedom Summary Index,7.12
124,Portugal,Economic Freedom Summary Index,7.54
125,Qatar,Economic Freedom Summary Index,6.58
126,Romania,Economic Freedom Summary Index,7.7
127,Russian Federation,Economic Freedom Summary Index,6.28
128,Rwanda,Economic Freedom Summary Index,6.77
129,Saudi Arabia,Economic Freedom Summary Index,6.64
130,Senegal,Economic Freedom Summary Index,6.2
131,Serbia,Economic Freedom Summary Index,6.85
132,Seychelles,Economic Freedom Summary Index,7.12
133,Sierra Leone,Economic Freedom Summary Index,5.91
134,Singapore,Economic Freedom Summary Index,8.56
135,Slovakia,Economic Freedom Summary Index,7.49
136,Slovenia,Economic Freedom Summary Index,7.23
137,Somalia,Economic Freedom Summary Index,5.66
138,South Africa,Economic Freedom Summary Index,6.53
139,Spain,Economic Freedom Summary Index,7.52
140,Sri Lanka,Economic Freedom Summary Index,6.13
141,Sudan,Economic Freedom Summary Index,3.98
142,Suriname,Economic Freedom Summary Index,5.52
143,Sweden,Economic Freedom Summary Index,7.81
144,Switzerland,Economic Freedom Summary Index,8.47
145,Syria,Economic Freedom Summary Index,3.9
146,Tajikistan,Economic Freedom Summary Index,6.38
147,Tanzania,Economic Freedom Summary Index,6.27
148,Thailand,Economic Freedom Summary Index,7.07
149,Timor-Leste,Economic Freedom Summary Index,5.82
150,Togo,Economic Freedom Summary Index,6.24
151,Trinidad and Tobago,Economic Freedom Summary Index,6.63
152,Tunisia,Economic Freedom Summary Index,6.02
153,Turkiye,Economic Freedom Summary Index,6.32
154,Uganda,Economic Freedom Summary Index,6.64
155,Ukraine,Economic Freedom Summary Index,6.17
156,United Arab Emirates,Economic Freedom Summary Index,7.35
157,United Kingdom,Economic Freedom Summary Index,8.01
158,United States,Economic Freedom Summary Index,8.14
159,Uruguay,Economic Freedom Summary Index,7.06
160,Venezuela,Economic Freedom Summary Index,3.01
161,Vietnam,Economic Freedom Summary Index,6.26
162,Yemen,Economic Freedom Summary Index,4.18
163,Zambia,Economic Freedom Summary Index,5.84
164,Zimbabwe,Economic Freedom Summary Index,3.81
165,Albania,CPI_Food,144.9
166,Algeria,CPI_Food,161.7
167,Angola,CPI_Food,
168,Argentina,CPI_Food,517.0
169,Armenia,CPI_Food,
170,Australia,CPI_Food,117.9
171,Austria,CPI_Food,124.8
172,Azerbaijan,CPI_Food,188.5
173,Bahamas,CPI_Food,
174,Bahrain,CPI_Food,126.6
175,Bangladesh,CPI_Food,322.1
176,Barbados,CPI_Food,277.1
177,Belarus,CPI_Food,573.5
178,Belgium,CPI_Food,120.6
179,Belize,CPI_Food,110.0
180,Benin,CPI_Food,
181,Bhutan,CPI_Food,121.6
182,Bolivia,CPI_Food,168.4
183,Bosnia and Herzegovina,CPI_Food,
184,Botswana,CPI_Food,149.5
185,Brazil,CPI_Food,227.2
186,Brunei Darussalam,CPI_Food,
187,Bulgaria,CPI_Food,135.8
188,Burkina Faso,CPI_Food,
189,Burundi,CPI_Food,
190,Cabo Verde,CPI_Food,112.5
191,Cambodia,CPI_Food,
192,Cameroon,CPI_Food,
193,Canada,CPI_Food,128.0
194,Central African Republic,CPI_Food,
195,Chad,CPI_Food,102.7
196,Chile,CPI_Food,173.1
197,China,CPI_Food,
198,Colombia,CPI_Food,169.4
199,Comoros,CPI_Food,
200,"Congo, Dem. Rep.",CPI_Food,
201,"Congo, Rep.",CPI_Food,
202,Costa Rica,CPI_Food,129.6
203,Cote d’Ivoire,CPI_Food,
204,Croatia,CPI_Food,117.0
205,Cyprus,CPI_Food,105.0
206,Czechia,CPI_Food,135.5
207,Denmark,CPI_Food,115.2
208,Djibouti,CPI_Food,
209,Dominican Republic,CPI_Food,174.6
210,Ecuador,CPI_Food,126.8
211,Egypt,CPI_Food,105.0
212,El Salvador,CPI_Food,
213,Estonia,CPI_Food,137.8
214,Eswatini,CPI_Food,
215,Ethiopia,CPI_Food,573.8
216,Fiji,CPI_Food,149.2
217,Finland,CPI_Food,119.5
218,France,CPI_Food,115.2
219,Gabon,CPI_Food,
220,Gambia,CPI_Food,
221,Georgia,CPI_Food,
222,Germany,CPI_Food,113.1
223,Ghana,CPI_Food,131.6
224,Greece,CPI_Food,108.0
225,Guatemala,CPI_Food,226.8
226,Guinea,CPI_Food,
227,Guinea-Bissau,CPI_Food,
228,Guyana,CPI_Food,
229,Haiti,CPI_Food,
230,Honduras,CPI_Food,
231,Hong Kong,CPI_Food,153.8
232,Hungary,CPI_Food,147.7
233,Iceland,CPI_Food,136.7
234,India,CPI_Food,162.5
235,Indonesia,CPI_Food,109.4
236,Iran,CPI_Food,425.6
237,Iraq,CPI_Food,
238,Ireland,CPI_Food,90.9
239,Israel,CPI_Food,112.8
240,Italy,CPI_Food,115.6
241,Jamaica,CPI_Food,115.6
242,Japan,CPI_Food,112.7
243,Jordan,CPI_Food,102.7
244,Kazakhstan,CPI_Food,
245,Kenya,CPI_Food,
246,Korea,CPI_Food,139.5
247,Korea,CPI_Food,139.5
248,Kuwait,CPI_Food,125.0
249,Kyrgyzstan,CPI_Food,177.4
250,Lao,CPI_Food,
251,Latvia,CPI_Food,128.0
252,Lebanon,CPI_Food,
253,Lesotho,CPI_Food,
254,Liberia,CPI_Food,
255,Libya,CPI_Food,
256,Lithuania,CPI_Food,130.3
257,Luxembourg,CPI_Food,123.9
258,Madagascar,CPI_Food,141.6
259,Malawi,CPI_Food,
260,Malaysia,CPI_Food,137.1
261,Mali,CPI_Food,
262,Malta,CPI_Food,
263,Mauritania,CPI_Food,124.0
264,Mauritius,CPI_Food,149.5
265,Mexico,CPI_Food,180.1
266,Moldova,CPI_Food,208.2
267,Mongolia,CPI_Food,147.5
268,Montenegro,CPI_Food,125.7
269,Morocco,CPI_Food,102.2
270,Mozambique,CPI_Food,245.3
271,Myanmar,CPI_Food,
272,Namibia,CPI_Food,195.2
273,Nepal,CPI_Food,138.3
274,Netherlands,CPI_Food,118.7
275,New Zealand,CPI_Food,114.4
276,Nicaragua,CPI_Food,180.5
277,Niger,CPI_Food,
278,Nigeria,CPI_Food,401.6
279,North Macedonia,CPI_Food,119.2
280,Norway,CPI_Food,115.0
281,Oman,CPI_Food,
282,Pakistan,CPI_Food,153.8
283,Panama,CPI_Food,
284,Papua New Guinea,CPI_Food,
285,Paraguay,CPI_Food,163.6
286,Peru,CPI_Food,
287,Philippines,CPI_Food,136.4
288,Poland,CPI_Food,133.7
289,Portugal,CPI_Food,113.5
290,Qatar,CPI_Food,102.9
291,Romania,CPI_Food,117.3
292,Russian Federation,CPI_Food,215.7
293,Rwanda,CPI_Food,177.3
294,Saudi Arabia,CPI_Food,117.3
295,Senegal,CPI_Food,
296,Serbia,CPI_Food,153.5
297,Seychelles,CPI_Food,139.4
298,Sierra Leone,CPI_Food,315.7
299,Singapore,CPI_Food,124.4
300,Slovakia,CPI_Food,129.0
301,Slovenia,CPI_Food,125.9
302,Somalia,CPI_Food,
303,South Africa,CPI_Food,192.7
304,Spain,CPI_Food,118.9
305,Sri Lanka,CPI_Food,159.2
306,Sudan,CPI_Food,
307,Suriname,CPI_Food,703.1
308,Sweden,CPI_Food,120.2
309,Switzerland,CPI_Food,97.7
310,Syria,CPI_Food,
311,Tajikistan,CPI_Food,237.1
312,Tanzania,CPI_Food,
313,Thailand,CPI_Food,129.7
314,Timor-Leste,CPI_Food,
315,Togo,CPI_Food,
316,Trinidad and Tobago,CPI_Food,
317,Tunisia,CPI_Food,138.4
318,Turkiye,CPI_Food,374.1
319,Uganda,CPI_Food,107.4
320,Ukraine,CPI_Food,280.0
321,United Arab Emirates,CPI_Food,
322,United Kingdom,CPI_Food,114.4
323,United States,CPI_Food,119.9
324,Uruguay,CPI_Food,256.3
325,Venezuela,CPI_Food,2104.4
326,Vietnam,CPI_Food,
327,Yemen,CPI_Food,
328,Zambia,CPI_Food,
329,Zimbabwe,CPI_Food,
330,Albania,Enroll_Ratio_UpperSecondary_Female,56.8
331,Algeria,Enroll_Ratio_UpperSecondary_Female,62.4
332,Angola,Enroll_Ratio_UpperSecondary_Female,
333,Argentina,Enroll_Ratio_UpperSecondary_Female,75.6
334,Armenia,Enroll_Ratio_UpperSecondary_Female,
335,Australia,Enroll_Ratio_UpperSecondary_Female,
336,Austria,Enroll_Ratio_UpperSecondary_Female,94.3
337,Azerbaijan,Enroll_Ratio_UpperSecondary_Female,
338,Bahamas,Enroll_Ratio_UpperSecondary_Female,82.6
339,Bahrain,Enroll_Ratio_UpperSecondary_Female,97.3
340,Bangladesh,Enroll_Ratio_UpperSecondary_Female,31.5
341,Barbados,Enroll_Ratio_UpperSecondary_Female,116.7
342,Belarus,Enroll_Ratio_UpperSecondary_Female,
343,Belgium,Enroll_Ratio_UpperSecondary_Female,162.4
344,Belize,Enroll_Ratio_UpperSecondary_Female,59.8
345,Benin,Enroll_Ratio_UpperSecondary_Female,15.2
346,Bhutan,Enroll_Ratio_UpperSecondary_Female,21.8
347,Bolivia,Enroll_Ratio_UpperSecondary_Female,78.2
348,Bosnia and Herzegovina,Enroll_Ratio_UpperSecondary_Female,
349,Botswana,Enroll_Ratio_UpperSecondary_Female,66.1
350,Brazil,Enroll_Ratio_UpperSecondary_Female,98.0
351,Brunei Darussalam,Enroll_Ratio_UpperSecondary_Female,83.9
352,Bulgaria,Enroll_Ratio_UpperSecondary_Female,89.0
353,Burkina Faso,Enroll_Ratio_UpperSecondary_Female,5.3
354,Burundi,Enroll_Ratio_UpperSecondary_Female,5.9
355,Cabo Verde,Enroll_Ratio_UpperSecondary_Female,50.4
356,Cambodia,Enroll_Ratio_UpperSecondary_Female,
357,Cameroon,Enroll_Ratio_UpperSecondary_Female,16.8
358,Canada,Enroll_Ratio_UpperSecondary_Female,101.4
359,Central African Republic,Enroll_Ratio_UpperSecondary_Female,
360,Chad,Enroll_Ratio_UpperSecondary_Female,4.4
361,Chile,Enroll_Ratio_UpperSecondary_Female,90.8
362,China,Enroll_Ratio_UpperSecondary_Female,
363,Colombia,Enroll_Ratio_UpperSecondary_Female,71.8
364,Comoros,Enroll_Ratio_UpperSecondary_Female,
365,"Congo, Dem. Rep.",Enroll_Ratio_UpperSecondary_Female,
366,"Congo, Rep.",Enroll_Ratio_UpperSecondary_Female,
367,Costa Rica,Enroll_Ratio_UpperSecondary_Female,63.0
368,Cote d’Ivoire,Enroll_Ratio_UpperSecondary_Female,
369,Croatia,Enroll_Ratio_UpperSecondary_Female,85.6
370,Cyprus,Enroll_Ratio_UpperSecondary_Female,97.6
371,Czechia,Enroll_Ratio_UpperSecondary_Female,93.5
372,Denmark,Enroll_Ratio_UpperSecondary_Female,131.4
373,Djibouti,Enroll_Ratio_UpperSecondary_Female,12.1
374,Dominican Republic,Enroll_Ratio_UpperSecondary_Female,73.0
375,Ecuador,Enroll_Ratio_UpperSecondary_Female,55.6
376,Egypt,Enroll_Ratio_UpperSecondary_Female,
377,El Salvador,Enroll_Ratio_UpperSecondary_Female,52.2
378,Estonia,Enroll_Ratio_UpperSecondary_Female,101.5
379,Eswatini,Enroll_Ratio_UpperSecondary_Female,36.3
380,Ethiopia,Enroll_Ratio_UpperSecondary_Female,5.2
381,Fiji,Enroll_Ratio_UpperSecondary_Female,
382,Finland,Enroll_Ratio_UpperSecondary_Female,126.3
383,France,Enroll_Ratio_UpperSecondary_Female,108.9
384,Gabon,Enroll_Ratio_UpperSecondary_Female,
385,Gambia,Enroll_Ratio_UpperSecondary_Female,
386,Georgia,Enroll_Ratio_UpperSecondary_Female,76.3
387,Germany,Enroll_Ratio_UpperSecondary_Female,95.9
388,Ghana,Enroll_Ratio_UpperSecondary_Female,16.0
389,Greece,Enroll_Ratio_UpperSecondary_Female,102.0
390,Guatemala,Enroll_Ratio_UpperSecondary_Female,29.0
391,Guinea,Enroll_Ratio_UpperSecondary_Female,11.8
392,Guinea-Bissau,Enroll_Ratio_UpperSecondary_Female,
393,Guyana,Enroll_Ratio_UpperSecondary_Female,66.0
394,Haiti,Enroll_Ratio_UpperSecondary_Female,
395,Honduras,Enroll_Ratio_UpperSecondary_Female,
396,Hong Kong,Enroll_Ratio_UpperSecondary_Female,70.5
397,Hungary,Enroll_Ratio_UpperSecondary_Female,92.9
398,Iceland,Enroll_Ratio_UpperSecondary_Female,118.2
399,India,Enroll_Ratio_UpperSecondary_Female,34.9
400,Indonesia,Enroll_Ratio_UpperSecondary_Female,46.6
401,Iran,Enroll_Ratio_UpperSecondary_Female,65.8
402,Iraq,Enroll_Ratio_UpperSecondary_Female,
403,Ireland,Enroll_Ratio_UpperSecondary_Female,130.2
404,Israel,Enroll_Ratio_UpperSecondary_Female,111.3
405,Italy,Enroll_Ratio_UpperSecondary_Female,95.0
406,Jamaica,Enroll_Ratio_UpperSecondary_Female,84.6
407,Japan,Enroll_Ratio_UpperSecondary_Female,
408,Jordan,Enroll_Ratio_UpperSecondary_Female,76.3
409,Kazakhstan,Enroll_Ratio_UpperSecondary_Female,
410,Kenya,Enroll_Ratio_UpperSecondary_Female,25.6
411,Korea,Enroll_Ratio_UpperSecondary_Female,98.3
412,Korea,Enroll_Ratio_UpperSecondary_Female,98.3
413,Kuwait,Enroll_Ratio_UpperSecondary_Female,121.8
414,Kyrgyzstan,Enroll_Ratio_UpperSecondary_Female,78.3
415,Lao,Enroll_Ratio_UpperSecondary_Female,28.8
416,Latvia,Enroll_Ratio_UpperSecondary_Female,101.4
417,Lebanon,Enroll_Ratio_UpperSecondary_Female,
418,Lesotho,Enroll_Ratio_UpperSecondary_Female,26.8
419,Liberia,Enroll_Ratio_UpperSecondary_Female,
420,Libya,Enroll_Ratio_UpperSecondary_Female,101.9
421,Lithuania,Enroll_Ratio_UpperSecondary_Female,101.9
422,Luxembourg,Enroll_Ratio_UpperSecondary_Female,90.6
423,Madagascar,Enroll_Ratio_UpperSecondary_Female,10.3
424,Malawi,Enroll_Ratio_UpperSecondary_Female,10.3
425,Malaysia,Enroll_Ratio_UpperSecondary_Female,75.7
426,Mali,Enroll_Ratio_UpperSecondary_Female,10.4
427,Malta,Enroll_Ratio_UpperSecondary_Female,93.5
428,Mauritania,Enroll_Ratio_UpperSecondary_Female,17.3
429,Mauritius,Enroll_Ratio_UpperSecondary_Female,78.1
430,Mexico,Enroll_Ratio_UpperSecondary_Female,57.4
431,Moldova,Enroll_Ratio_UpperSecondary_Female,
432,Mongolia,Enroll_Ratio_UpperSecondary_Female,88.1
433,Montenegro,Enroll_Ratio_UpperSecondary_Female,89.2
434,Morocco,Enroll_Ratio_UpperSecondary_Female,33.4
435,Mozambique,Enroll_Ratio_UpperSecondary_Female,3.2
436,Myanmar,Enroll_Ratio_UpperSecondary_Female,33.2
437,Namibia,Enroll_Ratio_UpperSecondary_Female,32.1
438,Nepal,Enroll_Ratio_UpperSecondary_Female,22.8
439,Netherlands,Enroll_Ratio_UpperSecondary_Female,106.7
440,New Zealand,Enroll_Ratio_UpperSecondary_Female,152.3
441,Nicaragua,Enroll_Ratio_UpperSecondary_Female,62.1
442,Niger,Enroll_Ratio_UpperSecondary_Female,2.9
443,Nigeria,Enroll_Ratio_UpperSecondary_Female,28.0
444,North Macedonia,Enroll_Ratio_UpperSecondary_Female,69.6
445,Norway,Enroll_Ratio_UpperSecondary_Female,126.5
446,Oman,Enroll_Ratio_UpperSecondary_Female,79.8
447,Pakistan,Enroll_Ratio_UpperSecondary_Female,
448,Panama,Enroll_Ratio_UpperSecondary_Female,57.7
449,Papua New Guinea,Enroll_Ratio_UpperSecondary_Female,
450,Paraguay,Enroll_Ratio_UpperSecondary_Female,54.5
451,Peru,Enroll_Ratio_UpperSecondary_Female,69.5
452,Philippines,Enroll_Ratio_UpperSecondary_Female,84.2
453,Poland,Enroll_Ratio_UpperSecondary_Female,100.0
454,Portugal,Enroll_Ratio_UpperSecondary_Female,94.8
455,Qatar,Enroll_Ratio_UpperSecondary_Female,97.3
456,Romania,Enroll_Ratio_UpperSecondary_Female,76.4
457,Russian Federation,Enroll_Ratio_UpperSecondary_Female,90.8
458,Rwanda,Enroll_Ratio_UpperSecondary_Female,11.2
459,Saudi Arabia,Enroll_Ratio_UpperSecondary_Female,82.3
460,Senegal,Enroll_Ratio_UpperSecondary_Female,10.2
461,Serbia,Enroll_Ratio_UpperSecondary_Female,82.7
462,Seychelles,Enroll_Ratio_UpperSecondary_Female,64.4
463,Sierra Leone,Enroll_Ratio_UpperSecondary_Female,
464,Singapore,Enroll_Ratio_UpperSecondary_Female,
465,Slovakia,Enroll_Ratio_UpperSecondary_Female,91.9
466,Slovenia,Enroll_Ratio_UpperSecondary_Female,98.9
467,Somalia,Enroll_Ratio_UpperSecondary_Female,
468,South Africa,Enroll_Ratio_UpperSecondary_Female,86.8
469,Spain,Enroll_Ratio_UpperSecondary_Female,132.1
470,Sri Lanka,Enroll_Ratio_UpperSecondary_Female,
471,Sudan,Enroll_Ratio_UpperSecondary_Female,30.6
472,Suriname,Enroll_Ratio_UpperSecondary_Female,62.2
473,Sweden,Enroll_Ratio_UpperSecondary_Female,101.6
474,Switzerland,Enroll_Ratio_UpperSecondary_Female,74.9
475,Syria,Enroll_Ratio_UpperSecondary_Female,34.0
476,Tajikistan,Enroll_Ratio_UpperSecondary_Female,40.5
477,Tanzania,Enroll_Ratio_UpperSecondary_Female,
478,Thailand,Enroll_Ratio_UpperSecondary_Female,60.9
479,Timor-Leste,Enroll_Ratio_UpperSecondary_Female,
480,Togo,Enroll_Ratio_UpperSecondary_Female,14.1
481,Trinidad and Tobago,Enroll_Ratio_UpperSecondary_Female,
482,Tunisia,Enroll_Ratio_UpperSecondary_Female,75.6
483,Turkiye,Enroll_Ratio_UpperSecondary_Female,62.8
484,Uganda,Enroll_Ratio_UpperSecondary_Female,
485,Ukraine,Enroll_Ratio_UpperSecondary_Female,96.7
486,United Arab Emirates,Enroll_Ratio_UpperSecondary_Female,
487,United Kingdom,Enroll_Ratio_UpperSecondary_Female,111.1
488,United States,Enroll_Ratio_UpperSecondary_Female,91.7
489,Uruguay,Enroll_Ratio_UpperSecondary_Female,105.3
490,Venezuela,Enroll_Ratio_UpperSecondary_Female,63.8
491,Vietnam,Enroll_Ratio_UpperSecondary_Female,
492,Yemen,Enroll_Ratio_UpperSecondary_Female,25.5
493,Zambia,Enroll_Ratio_UpperSecondary_Female,
494,Zimbabwe,Enroll_Ratio_UpperSecondary_Female,
495,Albania,GDP_PerCapita,5181.0
496,Algeria,GDP_PerCapita,3368.0
497,Angola,GDP_PerCapita,1896.0
498,Argentina,GDP_PerCapita,8476.0
499,Armenia,GDP_PerCapita,4266.0
500,Australia,GDP_PerCapita,55823.0
501,Austria,GDP_PerCapita,48106.0
502,Azerbaijan,GDP_PerCapita,4202.0
503,Bahamas,GDP_PerCapita,25194.0
504,Bahrain,GDP_PerCapita,19925.0
505,Bangladesh,GDP_PerCapita,2001.0
506,Barbados,GDP_PerCapita,15449.0
507,Belarus,GDP_PerCapita,6377.0
508,Belgium,GDP_PerCapita,45028.0
509,Belize,GDP_PerCapita,3988.0
510,Benin,GDP_PerCapita,1254.0
511,Bhutan,GDP_PerCapita,3218.0
512,Bolivia,GDP_PerCapita,3133.0
513,Bosnia and Herzegovina,GDP_PerCapita,6035.0
514,Botswana,GDP_PerCapita,6711.0
515,Brazil,GDP_PerCapita,6797.0
516,Brunei Darussalam,GDP_PerCapita,27437.0
517,Bulgaria,GDP_PerCapita,10058.0
518,Burkina Faso,GDP_PerCapita,831.0
519,Burundi,GDP_PerCapita,286.0
520,Cabo Verde,GDP_PerCapita,3064.0
521,Cambodia,GDP_PerCapita,1513.0
522,Cameroon,GDP_PerCapita,1502.0
523,Canada,GDP_PerCapita,43560.0
524,Central African Republic,GDP_PerCapita,481.0
525,Chad,GDP_PerCapita,679.0
526,Chile,GDP_PerCapita,13232.0
527,China,GDP_PerCapita,10229.0
528,Colombia,GDP_PerCapita,5333.0
529,Comoros,GDP_PerCapita,1421.0
530,"Congo, Dem. Rep.",GDP_PerCapita,506.0
531,"Congo, Rep.",GDP_PerCapita,1830.0
532,Costa Rica,GDP_PerCapita,12077.0
533,Cote d’Ivoire,GDP_PerCapita,2318.0
534,Croatia,GDP_PerCapita,13934.0
535,Cyprus,GDP_PerCapita,28133.0
536,Czechia,GDP_PerCapita,22911.0
537,Denmark,GDP_PerCapita,61477.0
538,Djibouti,GDP_PerCapita,3465.0
539,Dominican Republic,GDP_PerCapita,7268.0
540,Ecuador,GDP_PerCapita,5600.0
541,Egypt,GDP_PerCapita,3609.0
542,El Salvador,GDP_PerCapita,3799.0
543,Estonia,GDP_PerCapita,23106.0
544,Eswatini,GDP_PerCapita,3306.0
545,Ethiopia,GDP_PerCapita,840.0
546,Fiji,GDP_PerCapita,5013.0
547,Finland,GDP_PerCapita,48685.0
548,France,GDP_PerCapita,38959.0
549,Gabon,GDP_PerCapita,6789.0
550,Gambia,GDP_PerCapita,757.0
551,Georgia,GDP_PerCapita,3984.0
552,Germany,GDP_PerCapita,45909.0
553,Ghana,GDP_PerCapita,2206.0
554,Greece,GDP_PerCapita,18117.0
555,Guatemala,GDP_PerCapita,4332.0
556,Guinea,GDP_PerCapita,1179.0
557,Guinea-Bissau,GDP_PerCapita,668.0
558,Guyana,GDP_PerCapita,6956.0
559,Haiti,GDP_PerCapita,1360.0
560,Honduras,GDP_PerCapita,2406.0
561,Hong Kong,GDP_PerCapita,46611.0
562,Hungary,GDP_PerCapita,16129.0
563,Iceland,GDP_PerCapita,63644.0
564,India,GDP_PerCapita,1931.0
565,Indonesia,GDP_PerCapita,3870.0
566,Iran,GDP_PerCapita,11183.0
567,Iraq,GDP_PerCapita,4146.0
568,Ireland,GDP_PerCapita,86251.0
569,Israel,GDP_PerCapita,47034.0
570,Italy,GDP_PerCapita,31238.0
571,Jamaica,GDP_PerCapita,4665.0
572,Japan,GDP_PerCapita,39990.0
573,Jordan,GDP_PerCapita,4283.0
574,Kazakhstan,GDP_PerCapita,9111.0
575,Kenya,GDP_PerCapita,1879.0
576,Korea,GDP_PerCapita,618.0
577,Korea,GDP_PerCapita,31947.0
578,Kuwait,GDP_PerCapita,24809.0
579,Kyrgyzstan,GDP_PerCapita,1186.0
580,Lao,GDP_PerCapita,2623.0
581,Latvia,GDP_PerCapita,17871.0
582,Lebanon,GDP_PerCapita,9310.0
583,Lesotho,GDP_PerCapita,1061.0
584,Liberia,GDP_PerCapita,491.0
585,Libya,GDP_PerCapita,4243.0
586,Lithuania,GDP_PerCapita,20772.0
587,Luxembourg,GDP_PerCapita,117182.0
588,Madagascar,GDP_PerCapita,470.0
589,Malawi,GDP_PerCapita,615.0
590,Malaysia,GDP_PerCapita,10402.0
591,Mali,GDP_PerCapita,856.0
592,Malta,GDP_PerCapita,33771.0
593,Mauritania,GDP_PerCapita,1702.0
594,Mauritius,GDP_PerCapita,8587.0
595,Mexico,GDP_PerCapita,8326.0
596,Moldova,GDP_PerCapita,2954.0
597,Mongolia,GDP_PerCapita,4007.0
598,Montenegro,GDP_PerCapita,7626.0
599,Morocco,GDP_PerCapita,3108.0
600,Mozambique,GDP_PerCapita,449.0
601,Myanmar,GDP_PerCapita,1292.0
602,Namibia,GDP_PerCapita,4215.0
603,Nepal,GDP_PerCapita,1135.0
604,Netherlands,GDP_PerCapita,53334.0
605,New Zealand,GDP_PerCapita,43972.0
606,Nicaragua,GDP_PerCapita,1905.0
607,Niger,GDP_PerCapita,568.0
608,Nigeria,GDP_PerCapita,2085.0
609,North Macedonia,GDP_PerCapita,5886.0
610,Norway,GDP_PerCapita,66871.0
611,Oman,GDP_PerCapita,12409.0
612,Pakistan,GDP_PerCapita,1167.0
613,Panama,GDP_PerCapita,12269.0
614,Papua New Guinea,GDP_PerCapita,2640.0
615,Paraguay,GDP_PerCapita,4950.0
616,Peru,GDP_PerCapita,6163.0
617,Philippines,GDP_PerCapita,3299.0
618,Poland,GDP_PerCapita,15764.0
619,Portugal,GDP_PerCapita,22413.0
620,Qatar,GDP_PerCapita,50815.0
621,Romania,GDP_PerCapita,12929.0
622,Russian Federation,GDP_PerCapita,10166.0
623,Rwanda,GDP_PerCapita,798.0
624,Saudi Arabia,GDP_PerCapita,20110.0
625,Senegal,GDP_PerCapita,1458.0
626,Serbia,GDP_PerCapita,7656.0
627,Seychelles,GDP_PerCapita,10767.0
628,Sierra Leone,GDP_PerCapita,475.0
629,Singapore,GDP_PerCapita,58114.0
630,Slovakia,GDP_PerCapita,19264.0
631,Slovenia,GDP_PerCapita,25777.0
632,Somalia,GDP_PerCapita,118.0
633,South Africa,GDP_PerCapita,5094.0
634,Spain,GDP_PerCapita,27409.0
635,Sri Lanka,GDP_PerCapita,3768.0
636,Sudan,GDP_PerCapita,1415.0
637,Suriname,GDP_PerCapita,7023.0
638,Sweden,GDP_PerCapita,53575.0
639,Switzerland,GDP_PerCapita,86919.0
640,Syria,GDP_PerCapita,890.0
641,Tajikistan,GDP_PerCapita,838.0
642,Tanzania,GDP_PerCapita,1115.0
643,Thailand,GDP_PerCapita,7189.0
644,Timor-Leste,GDP_PerCapita,1443.0
645,Togo,GDP_PerCapita,863.0
646,Trinidad and Tobago,GDP_PerCapita,15286.0
647,Tunisia,GDP_PerCapita,3318.0
648,Turkiye,GDP_PerCapita,8538.0
649,Uganda,GDP_PerCapita,846.0
650,Ukraine,GDP_PerCapita,3557.0
651,United Arab Emirates,GDP_PerCapita,36285.0
652,United Kingdom,GDP_PerCapita,40718.0
653,United States,GDP_PerCapita,63123.0
654,Uruguay,GDP_PerCapita,15438.0
655,Venezuela,GDP_PerCapita,3740.0
656,Vietnam,GDP_PerCapita,2786.0
657,Yemen,GDP_PerCapita,937.0
658,Zambia,GDP_PerCapita,985.0
659,Zimbabwe,GDP_PerCapita,1466.0
660,Albania,Landlocked?,0.0
661,Algeria,Landlocked?,0.0
662,Angola,Landlocked?,0.0
663,Argentina,Landlocked?,0.0
664,Armenia,Landlocked?,1.0
665,Australia,Landlocked?,0.0
666,Austria,Landlocked?,0.0
667,Azerbaijan,Landlocked?,1.0
668,Bahamas,Landlocked?,0.0
669,Bahrain,Landlocked?,0.0
670,Bangladesh,Landlocked?,0.0
671,Barbados,Landlocked?,0.0
672,Belarus,Landlocked?,0.0
673,Belgium,Landlocked?,0.0
674,Belize,Landlocked?,0.0
675,Benin,Landlocked?,0.0
676,Bhutan,Landlocked?,1.0
677,Bolivia,Landlocked?,1.0
678,Bosnia and Herzegovina,Landlocked?,0.0
679,Botswana,Landlocked?,1.0
680,Brazil,Landlocked?,0.0
681,Brunei Darussalam,Landlocked?,0.0
682,Bulgaria,Landlocked?,0.0
683,Burkina Faso,Landlocked?,1.0
684,Burundi,Landlocked?,1.0
685,Cabo Verde,Landlocked?,0.0
686,Cambodia,Landlocked?,0.0
687,Cameroon,Landlocked?,0.0
688,Canada,Landlocked?,0.0
689,Central African Republic,Landlocked?,1.0
690,Chad,Landlocked?,1.0
691,Chile,Landlocked?,0.0
692,China,Landlocked?,0.0
693,Colombia,Landlocked?,0.0
694,Comoros,Landlocked?,0.0
695,"Congo, Dem. Rep.",Landlocked?,0.0
696,"Congo, Rep.",Landlocked?,0.0
697,Costa Rica,Landlocked?,0.0
698,Cote d’Ivoire,Landlocked?,0.0
699,Croatia,Landlocked?,0.0
700,Cyprus,Landlocked?,0.0
701,Czechia,Landlocked?,0.0
702,Denmark,Landlocked?,0.0
703,Djibouti,Landlocked?,0.0
704,Dominican Republic,Landlocked?,0.0
705,Ecuador,Landlocked?,0.0
706,Egypt,Landlocked?,0.0
707,El Salvador,Landlocked?,0.0
708,Estonia,Landlocked?,0.0
709,Eswatini,Landlocked?,1.0
710,Ethiopia,Landlocked?,1.0
711,Fiji,Landlocked?,0.0
712,Finland,Landlocked?,0.0
713,France,Landlocked?,0.0
714,Gabon,Landlocked?,0.0
715,Gambia,Landlocked?,0.0
716,Georgia,Landlocked?,0.0
717,Germany,Landlocked?,0.0
718,Ghana,Landlocked?,0.0
719,Greece,Landlocked?,0.0
720,Guatemala,Landlocked?,0.0
721,Guinea,Landlocked?,0.0
722,Guinea-Bissau,Landlocked?,0.0
723,Guyana,Landlocked?,0.0
724,Haiti,Landlocked?,0.0
725,Honduras,Landlocked?,0.0
726,Hong Kong,Landlocked?,0.0
727,Hungary,Landlocked?,0.0
728,Iceland,Landlocked?,0.0
729,India,Landlocked?,0.0
730,Indonesia,Landlocked?,0.0
731,Iran,Landlocked?,0.0
732,Iraq,Landlocked?,0.0
733,Ireland,Landlocked?,0.0
734,Israel,Landlocked?,0.0
735,Italy,Landlocked?,0.0
736,Jamaica,Landlocked?,0.0
737,Japan,Landlocked?,0.0
738,Jordan,Landlocked?,0.0
739,Kazakhstan,Landlocked?,1.0
740,Kenya,Landlocked?,0.0
741,Korea,Landlocked?,0.0
742,Korea,Landlocked?,0.0
743,Kuwait,Landlocked?,0.0
744,Kyrgyzstan,Landlocked?,1.0
745,Lao,Landlocked?,1.0
746,Latvia,Landlocked?,0.0
747,Lebanon,Landlocked?,0.0
748,Lesotho,Landlocked?,1.0
749,Liberia,Landlocked?,0.0
750,Libya,Landlocked?,0.0
751,Lithuania,Landlocked?,0.0
752,Luxembourg,Landlocked?,0.0
753,Madagascar,Landlocked?,0.0
754,Malawi,Landlocked?,1.0
755,Malaysia,Landlocked?,0.0
756,Mali,Landlocked?,1.0
757,Malta,Landlocked?,0.0
758,Mauritania,Landlocked?,0.0
759,Mauritius,Landlocked?,0.0
760,Mexico,Landlocked?,0.0
761,Moldova,Landlocked?,1.0
762,Mongolia,Landlocked?,1.0
763,Montenegro,Landlocked?,0.0
764,Morocco,Landlocked?,0.0
765,Mozambique,Landlocked?,0.0
766,Myanmar,Landlocked?,0.0
767,Namibia,Landlocked?,0.0
768,Nepal,Landlocked?,1.0
769,Netherlands,Landlocked?,0.0
770,New Zealand,Landlocked?,0.0
771,Nicaragua,Landlocked?,0.0
772,Niger,Landlocked?,1.0
773,Nigeria,Landlocked?,0.0
774,North Macedonia,Landlocked?,1.0
775,Norway,Landlocked?,0.0
776,Oman,Landlocked?,0.0
777,Pakistan,Landlocked?,0.0
778,Panama,Landlocked?,0.0
779,Papua New Guinea,Landlocked?,0.0
780,Paraguay,Landlocked?,1.0
781,Peru,Landlocked?,0.0
782,Philippines,Landlocked?,0.0
783,Poland,Landlocked?,0.0
784,Portugal,Landlocked?,0.0
785,Qatar,Landlocked?,0.0
786,Romania,Landlocked?,0.0
787,Russian Federation,Landlocked?,0.0
788,Rwanda,Landlocked?,1.0
789,Saudi Arabia,Landlocked?,0.0
790,Senegal,Landlocked?,0.0
791,Serbia,Landlocked?,0.0
792,Seychelles,Landlocked?,0.0
793,Sierra Leone,Landlocked?,0.0
794,Singapore,Landlocked?,0.0
795,Slovakia,Landlocked?,0.0
796,Slovenia,Landlocked?,0.0
797,Somalia,Landlocked?,0.0
798,South Africa,Landlocked?,0.0
799,Spain,Landlocked?,0.0
800,Sri Lanka,Landlocked?,0.0
801,Sudan,Landlocked?,1.0
802,Suriname,Landlocked?,0.0
803,Sweden,Landlocked?,0.0
804,Switzerland,Landlocked?,0.0
805,Syria,Landlocked?,0.0
806,Tajikistan,Landlocked?,1.0
807,Tanzania,Landlocked?,0.0
808,Thailand,Landlocked?,0.0
809,Timor-Leste,Landlocked?,0.0
810,Togo,Landlocked?,0.0
811,Trinidad and Tobago,Landlocked?,0.0
812,Tunisia,Landlocked?,0.0
813,Turkiye,Landlocked?,0.0
814,Uganda,Landlocked?,1.0
815,Ukraine,Landlocked?,0.0
816,United Arab Emirates,Landlocked?,0.0
817,United Kingdom,Landlocked?,0.0
818,United States,Landlocked?,0.0
819,Uruguay,Landlocked?,0.0
820,Venezuela,Landlocked?,0.0
821,Vietnam,Landlocked?,0.0
822,Yemen,Landlocked?,0.0
823,Zambia,Landlocked?,1.0
824,Zimbabwe,Landlocked?,1.0
825,Albania,LDC?,0.0
826,Algeria,LDC?,0.0
827,Angola,LDC?,1.0
828,Argentina,LDC?,0.0
829,Armenia,LDC?,0.0
830,Australia,LDC?,0.0
831,Austria,LDC?,0.0
832,Azerbaijan,LDC?,0.0
833,Bahamas,LDC?,0.0
834,Bahrain,LDC?,0.0
835,Bangladesh,LDC?,1.0
836,Barbados,LDC?,0.0
837,Belarus,LDC?,0.0
838,Belgium,LDC?,0.0
839,Belize,LDC?,0.0
840,Benin,LDC?,1.0
841,Bhutan,LDC?,1.0
842,Bolivia,LDC?,0.0
843,Bosnia and Herzegovina,LDC?,0.0
844,Botswana,LDC?,0.0
845,Brazil,LDC?,0.0
846,Brunei Darussalam,LDC?,0.0
847,Bulgaria,LDC?,0.0
848,Burkina Faso,LDC?,1.0
849,Burundi,LDC?,1.0
850,Cabo Verde,LDC?,0.0
851,Cambodia,LDC?,1.0
852,Cameroon,LDC?,0.0
853,Canada,LDC?,0.0
854,Central African Republic,LDC?,1.0
855,Chad,LDC?,1.0
856,Chile,LDC?,0.0
857,China,LDC?,0.0
858,Colombia,LDC?,0.0
859,Comoros,LDC?,1.0
860,"Congo, Dem. Rep.",LDC?,1.0
861,"Congo, Rep.",LDC?,0.0
862,Costa Rica,LDC?,0.0
863,Cote d’Ivoire,LDC?,0.0
864,Croatia,LDC?,0.0
865,Cyprus,LDC?,0.0
866,Czechia,LDC?,0.0
867,Denmark,LDC?,0.0
868,Djibouti,LDC?,1.0
869,Dominican Republic,LDC?,0.0
870,Ecuador,LDC?,0.0
871,Egypt,LDC?,0.0
872,El Salvador,LDC?,0.0
873,Estonia,LDC?,0.0
874,Eswatini,LDC?,0.0
875,Ethiopia,LDC?,1.0
876,Fiji,LDC?,0.0
877,Finland,LDC?,0.0
878,France,LDC?,0.0
879,Gabon,LDC?,0.0
880,Gambia,LDC?,1.0
881,Georgia,LDC?,0.0
882,Germany,LDC?,0.0
883,Ghana,LDC?,0.0
884,Greece,LDC?,0.0
885,Guatemala,LDC?,0.0
886,Guinea,LDC?,1.0
887,Guinea-Bissau,LDC?,1.0
888,Guyana,LDC?,0.0
889,Haiti,LDC?,1.0
890,Honduras,LDC?,0.0
891,Hong Kong,LDC?,0.0
892,Hungary,LDC?,0.0
893,Iceland,LDC?,0.0
894,India,LDC?,0.0
895,Indonesia,LDC?,0.0
896,Iran,LDC?,0.0
897,Iraq,LDC?,0.0
898,Ireland,LDC?,0.0
899,Israel,LDC?,0.0
900,Italy,LDC?,0.0
901,Jamaica,LDC?,0.0
902,Japan,LDC?,0.0
903,Jordan,LDC?,0.0
904,Kazakhstan,LDC?,0.0
905,Kenya,LDC?,0.0
906,Korea,LDC?,0.0
907,Korea,LDC?,0.0
908,Kuwait,LDC?,0.0
909,Kyrgyzstan,LDC?,0.0
910,Lao,LDC?,1.0
911,Latvia,LDC?,0.0
912,Lebanon,LDC?,0.0
913,Lesotho,LDC?,1.0
914,Liberia,LDC?,1.0
915,Libya,LDC?,0.0
916,Lithuania,LDC?,0.0
917,Luxembourg,LDC?,0.0
918,Madagascar,LDC?,1.0
919,Malawi,LDC?,1.0
920,Malaysia,LDC?,0.0
921,Mali,LDC?,1.0
922,Malta,LDC?,0.0
923,Mauritania,LDC?,1.0
924,Mauritius,LDC?,0.0
925,Mexico,LDC?,0.0
926,Moldova,LDC?,0.0
927,Mongolia,LDC?,0.0
928,Montenegro,LDC?,0.0
929,Morocco,LDC?,0.0
930,Mozambique,LDC?,1.0
931,Myanmar,LDC?,1.0
932,Namibia,LDC?,0.0
933,Nepal,LDC?,1.0
934,Netherlands,LDC?,0.0
935,New Zealand,LDC?,0.0
936,Nicaragua,LDC?,0.0
937,Niger,LDC?,1.0
938,Nigeria,LDC?,0.0
939,North Macedonia,LDC?,0.0
940,Norway,LDC?,0.0
941,Oman,LDC?,0.0
942,Pakistan,LDC?,0.0
943,Panama,LDC?,0.0
944,Papua New Guinea,LDC?,0.0
945,Paraguay,LDC?,0.0
946,Peru,LDC?,0.0
947,Philippines,LDC?,0.0
948,Poland,LDC?,0.0
949,Portugal,LDC?,0.0
950,Qatar,LDC?,0.0
951,Romania,LDC?,0.0
952,Russian Federation,LDC?,0.0
953,Rwanda,LDC?,1.0
954,Saudi Arabia,LDC?,0.0
955,Senegal,LDC?,1.0
956,Serbia,LDC?,0.0
957,Seychelles,LDC?,0.0
958,Sierra Leone,LDC?,1.0
959,Singapore,LDC?,0.0
960,Slovakia,LDC?,0.0
961,Slovenia,LDC?,0.0
962,Somalia,LDC?,1.0
963,South Africa,LDC?,0.0
964,Spain,LDC?,0.0
965,Sri Lanka,LDC?,0.0
966,Sudan,LDC?,1.0
967,Suriname,LDC?,0.0
968,Sweden,LDC?,0.0
969,Switzerland,LDC?,0.0
970,Syria,LDC?,0.0
971,Tajikistan,LDC?,0.0
972,Tanzania,LDC?,1.0
973,Thailand,LDC?,0.0
974,Timor-Leste,LDC?,1.0
975,Togo,LDC?,1.0
976,Trinidad and Tobago,LDC?,0.0
977,Tunisia,LDC?,0.0
978,Turkiye,LDC?,0.0
979,Uganda,LDC?,1.0
980,Ukraine,LDC?,0.0
981,United Arab Emirates,LDC?,0.0
982,United Kingdom,LDC?,0.0
983,United States,LDC?,0.0
984,Uruguay,LDC?,0.0
985,Venezuela,LDC?,0.0
986,Vietnam,LDC?,0.0
987,Yemen,LDC?,1.0
988,Zambia,LDC?,1.0
989,Zimbabwe,LDC?,0.0
990,Albania,Pop_0_14_per,16.1
991,Algeria,Pop_0_14_per,30.6
992,Angola,Pop_0_14_per,45.0
993,Argentina,Pop_0_14_per,23.1
994,Armenia,Pop_0_14_per,20.5
995,Australia,Pop_0_14_per,18.2
996,Austria,Pop_0_14_per,14.4
997,Azerbaijan,Pop_0_14_per,23.5
998,Bahamas,Pop_0_14_per,19.1
999,Bahrain,Pop_0_14_per,20.2
1000,Bangladesh,Pop_0_14_per,26.0
1001,Barbados,Pop_0_14_per,16.9
1002,Belarus,Pop_0_14_per,16.8
1003,Belgium,Pop_0_14_per,16.5
1004,Belize,Pop_0_14_per,27.7
1005,Benin,Pop_0_14_per,42.4
1006,Bhutan,Pop_0_14_per,22.1
1007,Bolivia,Pop_0_14_per,30.8
1008,Bosnia and Herzegovina,Pop_0_14_per,14.9
1009,Botswana,Pop_0_14_per,32.6
1010,Brazil,Pop_0_14_per,20.3
1011,Brunei Darussalam,Pop_0_14_per,22.1
1012,Bulgaria,Pop_0_14_per,14.0
1013,Burkina Faso,Pop_0_14_per,43.7
1014,Burundi,Pop_0_14_per,45.8
1015,Cabo Verde,Pop_0_14_per,26.2
1016,Cambodia,Pop_0_14_per,28.9
1017,Cameroon,Pop_0_14_per,42.2
1018,Canada,Pop_0_14_per,15.6
1019,Central African Republic,Pop_0_14_per,48.1
1020,Chad,Pop_0_14_per,47.5
1021,Chile,Pop_0_14_per,18.3
1022,China,Pop_0_14_per,17.2
1023,Colombia,Pop_0_14_per,21.3
1024,Comoros,Pop_0_14_per,38.0
1025,"Congo, Dem. Rep.",Pop_0_14_per,46.5
1026,"Congo, Rep.",Pop_0_14_per,41.1
1027,Costa Rica,Pop_0_14_per,20.2
1028,Cote d’Ivoire,Pop_0_14_per,41.5
1029,Croatia,Pop_0_14_per,14.1
1030,Cyprus,Pop_0_14_per,15.9
1031,Czechia,Pop_0_14_per,16.0
1032,Denmark,Pop_0_14_per,16.1
1033,Djibouti,Pop_0_14_per,30.4
1034,Dominican Republic,Pop_0_14_per,27.1
1035,Ecuador,Pop_0_14_per,25.7
1036,Egypt,Pop_0_14_per,32.9
1037,El Salvador,Pop_0_14_per,25.4
1038,Estonia,Pop_0_14_per,16.4
1039,Eswatini,Pop_0_14_per,34.7
1040,Ethiopia,Pop_0_14_per,39.6
1041,Fiji,Pop_0_14_per,28.6
1042,Finland,Pop_0_14_per,15.2
1043,France,Pop_0_14_per,17.2
1044,Gabon,Pop_0_14_per,36.3
1045,Gambia,Pop_0_14_per,43.1
1046,Georgia,Pop_0_14_per,21.3
1047,Germany,Pop_0_14_per,14.0
1048,Ghana,Pop_0_14_per,36.9
1049,Greece,Pop_0_14_per,13.9
1050,Guatemala,Pop_0_14_per,32.4
1051,Guinea,Pop_0_14_per,41.5
1052,Guinea-Bissau,Pop_0_14_per,40.1
1053,Guyana,Pop_0_14_per,28.6
1054,Haiti,Pop_0_14_per,32.1
1055,Honduras,Pop_0_14_per,30.1
1056,Hong Kong,Pop_0_14_per,12.0
1057,Hungary,Pop_0_14_per,14.4
1058,Iceland,Pop_0_14_per,18.5
1059,India,Pop_0_14_per,25.3
1060,Indonesia,Pop_0_14_per,25.2
1061,Iran,Pop_0_14_per,23.6
1062,Iraq,Pop_0_14_per,37.7
1063,Ireland,Pop_0_14_per,19.6
1064,Israel,Pop_0_14_per,28.1
1065,Italy,Pop_0_14_per,12.4
1066,Jamaica,Pop_0_14_per,19.8
1067,Japan,Pop_0_14_per,11.6
1068,Jordan,Pop_0_14_per,32.1
1069,Kazakhstan,Pop_0_14_per,29.7
1070,Kenya,Pop_0_14_per,37.8
1071,Korea,Pop_0_14_per,18.9
1072,Korea,Pop_0_14_per,18.9
1073,Kuwait,Pop_0_14_per,20.7
1074,Kyrgyzstan,Pop_0_14_per,34.4
1075,Lao,Pop_0_14_per,30.6
1076,Latvia,Pop_0_14_per,15.6
1077,Lebanon,Pop_0_14_per,27.4
1078,Lesotho,Pop_0_14_per,34.0
1079,Liberia,Pop_0_14_per,40.5
1080,Libya,Pop_0_14_per,28.3
1081,Lithuania,Pop_0_14_per,15.3
1082,Luxembourg,Pop_0_14_per,15.8
1083,Madagascar,Pop_0_14_per,39.1
1084,Malawi,Pop_0_14_per,42.6
1085,Malaysia,Pop_0_14_per,22.7
1086,Mali,Pop_0_14_per,47.2
1087,Malta,Pop_0_14_per,13.1
1088,Mauritania,Pop_0_14_per,41.6
1089,Mauritius,Pop_0_14_per,16.3
1090,Mexico,Pop_0_14_per,24.5
1091,Moldova,Pop_0_14_per,19.3
1092,Mongolia,Pop_0_14_per,32.5
1093,Montenegro,Pop_0_14_per,18.1
1094,Morocco,Pop_0_14_per,26.6
1095,Mozambique,Pop_0_14_per,43.5
1096,Myanmar,Pop_0_14_per,24.6
1097,Namibia,Pop_0_14_per,36.2
1098,Nepal,Pop_0_14_per,28.9
1099,Netherlands,Pop_0_14_per,15.4
1100,New Zealand,Pop_0_14_per,18.7
1101,Nicaragua,Pop_0_14_per,29.7
1102,Niger,Pop_0_14_per,48.8
1103,Nigeria,Pop_0_14_per,43.0
1104,North Macedonia,Pop_0_14_per,16.0
1105,Norway,Pop_0_14_per,16.7
1106,Oman,Pop_0_14_per,27.0
1107,Pakistan,Pop_0_14_per,36.6
1108,Panama,Pop_0_14_per,26.1
1109,Papua New Guinea,Pop_0_14_per,34.2
1110,Paraguay,Pop_0_14_per,28.9
1111,Peru,Pop_0_14_per,26.0
1112,Philippines,Pop_0_14_per,30.3
1113,Poland,Pop_0_14_per,15.2
1114,Portugal,Pop_0_14_per,13.2
1115,Qatar,Pop_0_14_per,15.8
1116,Romania,Pop_0_14_per,15.9
1117,Russian Federation,Pop_0_14_per,17.7
1118,Rwanda,Pop_0_14_per,38.5
1119,Saudi Arabia,Pop_0_14_per,25.9
1120,Senegal,Pop_0_14_per,41.5
1121,Serbia,Pop_0_14_per,14.4
1122,Seychelles,Pop_0_14_per,23.1
1123,Sierra Leone,Pop_0_14_per,39.0
1124,Singapore,Pop_0_14_per,11.8
1125,Slovakia,Pop_0_14_per,15.7
1126,Slovenia,Pop_0_14_per,15.1
1127,Somalia,Pop_0_14_per,47.2
1128,South Africa,Pop_0_14_per,28.6
1129,Spain,Pop_0_14_per,13.8
1130,Sri Lanka,Pop_0_14_per,22.8
1131,Sudan,Pop_0_14_per,40.9
1132,Suriname,Pop_0_14_per,26.2
1133,Sweden,Pop_0_14_per,17.6
1134,Switzerland,Pop_0_14_per,15.0
1135,Syria,Pop_0_14_per,31.4
1136,Tajikistan,Pop_0_14_per,36.3
1137,Tanzania,Pop_0_14_per,43.4
1138,Thailand,Pop_0_14_per,15.5
1139,Timor-Leste,Pop_0_14_per,34.7
1140,Togo,Pop_0_14_per,40.0
1141,Trinidad and Tobago,Pop_0_14_per,19.0
1142,Tunisia,Pop_0_14_per,24.8
1143,Turkiye,Pop_0_14_per,23.2
1144,Uganda,Pop_0_14_per,44.8
1145,Ukraine,Pop_0_14_per,15.4
1146,United Arab Emirates,Pop_0_14_per,15.2
1147,United Kingdom,Pop_0_14_per,17.5
1148,United States,Pop_0_14_per,18.0
1149,Uruguay,Pop_0_14_per,19.1
1150,Venezuela,Pop_0_14_per,27.6
1151,Vietnam,Pop_0_14_per,22.4
1152,Yemen,Pop_0_14_per,39.5
1153,Zambia,Pop_0_14_per,42.9
1154,Zimbabwe,Pop_0_14_per,40.6
1155,Albania,Pop_60_plus_per,23.5
1156,Algeria,Pop_60_plus_per,9.7
1157,Angola,Pop_60_plus_per,4.3
1158,Argentina,Pop_60_plus_per,16.2
1159,Armenia,Pop_60_plus_per,20.3
1160,Australia,Pop_60_plus_per,22.6
1161,Austria,Pop_60_plus_per,26.7
1162,Azerbaijan,Pop_60_plus_per,12.5
1163,Bahamas,Pop_60_plus_per,13.9
1164,Bahrain,Pop_60_plus_per,6.9
1165,Bangladesh,Pop_60_plus_per,9.3
1166,Barbados,Pop_60_plus_per,23.1
1167,Belarus,Pop_60_plus_per,24.5
1168,Belgium,Pop_60_plus_per,26.2
1169,Belize,Pop_60_plus_per,8.0
1170,Benin,Pop_60_plus_per,4.9
1171,Bhutan,Pop_60_plus_per,9.3
1172,Bolivia,Pop_60_plus_per,7.6
1173,Bosnia and Herzegovina,Pop_60_plus_per,25.8
1174,Botswana,Pop_60_plus_per,5.9
1175,Brazil,Pop_60_plus_per,14.6
1176,Brunei Darussalam,Pop_60_plus_per,10.4
1177,Bulgaria,Pop_60_plus_per,29.2
1178,Burkina Faso,Pop_60_plus_per,4.1
1179,Burundi,Pop_60_plus_per,3.8
1180,Cabo Verde,Pop_60_plus_per,8.7
1181,Cambodia,Pop_60_plus_per,9.7
1182,Cameroon,Pop_60_plus_per,4.2
1183,Canada,Pop_60_plus_per,25.9
1184,Central African Republic,Pop_60_plus_per,4.1
1185,Chad,Pop_60_plus_per,3.4
1186,Chile,Pop_60_plus_per,18.3
1187,China,Pop_60_plus_per,18.6
1188,Colombia,Pop_60_plus_per,13.5
1189,Comoros,Pop_60_plus_per,6.5
1190,"Congo, Dem. Rep.",Pop_60_plus_per,4.6
1191,"Congo, Rep.",Pop_60_plus_per,4.6
1192,Costa Rica,Pop_60_plus_per,15.8
1193,Cote d’Ivoire,Pop_60_plus_per,3.8
1194,Croatia,Pop_60_plus_per,29.6
1195,Cyprus,Pop_60_plus_per,20.4
1196,Czechia,Pop_60_plus_per,26.3
1197,Denmark,Pop_60_plus_per,26.5
1198,Djibouti,Pop_60_plus_per,7.1
1199,Dominican Republic,Pop_60_plus_per,11.2
1200,Ecuador,Pop_60_plus_per,11.3
1201,Egypt,Pop_60_plus_per,7.7
1202,El Salvador,Pop_60_plus_per,11.6
1203,Estonia,Pop_60_plus_per,27.0
1204,Eswatini,Pop_60_plus_per,6.2
1205,Ethiopia,Pop_60_plus_per,4.9
1206,Fiji,Pop_60_plus_per,9.7
1207,Finland,Pop_60_plus_per,29.7
1208,France,Pop_60_plus_per,27.8
1209,Gabon,Pop_60_plus_per,6.0
1210,Gambia,Pop_60_plus_per,4.0
1211,Georgia,Pop_60_plus_per,21.0
1212,Germany,Pop_60_plus_per,29.7
1213,Ghana,Pop_60_plus_per,5.9
1214,Greece,Pop_60_plus_per,29.4
1215,Guatemala,Pop_60_plus_per,7.1
1216,Guinea,Pop_60_plus_per,5.1
1217,Guinea-Bissau,Pop_60_plus_per,4.5
1218,Guyana,Pop_60_plus_per,9.9
1219,Haiti,Pop_60_plus_per,7.1
1220,Honduras,Pop_60_plus_per,6.6
1221,Hong Kong,Pop_60_plus_per,28.7
1222,Hungary,Pop_60_plus_per,25.8
1223,Iceland,Pop_60_plus_per,21.0
1224,India,Pop_60_plus_per,10.5
1225,Indonesia,Pop_60_plus_per,10.9
1226,Iran,Pop_60_plus_per,11.6
1227,Iraq,Pop_60_plus_per,5.1
1228,Ireland,Pop_60_plus_per,20.5
1229,Israel,Pop_60_plus_per,16.1
1230,Italy,Pop_60_plus_per,31.0
1231,Jamaica,Pop_60_plus_per,11.9
1232,Japan,Pop_60_plus_per,35.8
1233,Jordan,Pop_60_plus_per,6.3
1234,Kazakhstan,Pop_60_plus_per,12.8
1235,Kenya,Pop_60_plus_per,4.6
1236,Korea,Pop_60_plus_per,17.3
1237,Korea,Pop_60_plus_per,17.3
1238,Kuwait,Pop_60_plus_per,9.3
1239,Kyrgyzstan,Pop_60_plus_per,7.9
1240,Lao,Pop_60_plus_per,7.2
1241,Latvia,Pop_60_plus_per,29.1
1242,Lebanon,Pop_60_plus_per,14.4
1243,Lesotho,Pop_60_plus_per,6.6
1244,Liberia,Pop_60_plus_per,5.1
1245,Libya,Pop_60_plus_per,7.7
1246,Lithuania,Pop_60_plus_per,28.5
1247,Luxembourg,Pop_60_plus_per,20.8
1248,Madagascar,Pop_60_plus_per,5.3
1249,Malawi,Pop_60_plus_per,3.8
1250,Malaysia,Pop_60_plus_per,11.4
1251,Mali,Pop_60_plus_per,3.7
1252,Malta,Pop_60_plus_per,25.0
1253,Mauritania,Pop_60_plus_per,5.1
1254,Mauritius,Pop_60_plus_per,19.0
1255,Mexico,Pop_60_plus_per,12.2
1256,Moldova,Pop_60_plus_per,19.4
1257,Mongolia,Pop_60_plus_per,8.0
1258,Montenegro,Pop_60_plus_per,22.9
1259,Morocco,Pop_60_plus_per,11.9
1260,Mozambique,Pop_60_plus_per,4.2
1261,Myanmar,Pop_60_plus_per,10.8
1262,Namibia,Pop_60_plus_per,6.1
1263,Nepal,Pop_60_plus_per,9.0
1264,Netherlands,Pop_60_plus_per,27.0
1265,New Zealand,Pop_60_plus_per,22.2
1266,Nicaragua,Pop_60_plus_per,7.9
1267,Niger,Pop_60_plus_per,3.9
1268,Nigeria,Pop_60_plus_per,4.7
1269,North Macedonia,Pop_60_plus_per,21.3
1270,Norway,Pop_60_plus_per,24.2
1271,Oman,Pop_60_plus_per,4.5
1272,Pakistan,Pop_60_plus_per,6.8
1273,Panama,Pop_60_plus_per,12.7
1274,Papua New Guinea,Pop_60_plus_per,5.5
1275,Paraguay,Pop_60_plus_per,9.4
1276,Peru,Pop_60_plus_per,12.0
1277,Philippines,Pop_60_plus_per,8.6
1278,Poland,Pop_60_plus_per,25.0
1279,Portugal,Pop_60_plus_per,29.7
1280,Qatar,Pop_60_plus_per,3.3
1281,Romania,Pop_60_plus_per,24.5
1282,Russian Federation,Pop_60_plus_per,22.8
1283,Rwanda,Pop_60_plus_per,5.2
1284,Saudi Arabia,Pop_60_plus_per,5.3
1285,Senegal,Pop_60_plus_per,4.9
1286,Serbia,Pop_60_plus_per,27.1
1287,Seychelles,Pop_60_plus_per,13.1
1288,Sierra Leone,Pop_60_plus_per,5.1
1289,Singapore,Pop_60_plus_per,23.0
1290,Slovakia,Pop_60_plus_per,23.1
1291,Slovenia,Pop_60_plus_per,27.7
1292,Somalia,Pop_60_plus_per,4.1
1293,South Africa,Pop_60_plus_per,8.7
1294,Spain,Pop_60_plus_per,26.8
1295,Sri Lanka,Pop_60_plus_per,16.7
1296,Sudan,Pop_60_plus_per,5.5
1297,Suriname,Pop_60_plus_per,11.4
1298,Sweden,Pop_60_plus_per,25.7
1299,Switzerland,Pop_60_plus_per,25.7
1300,Syria,Pop_60_plus_per,7.2
1301,Tajikistan,Pop_60_plus_per,6.2
1302,Tanzania,Pop_60_plus_per,4.7
1303,Thailand,Pop_60_plus_per,22.0
1304,Timor-Leste,Pop_60_plus_per,7.3
1305,Togo,Pop_60_plus_per,5.1
1306,Trinidad and Tobago,Pop_60_plus_per,17.2
1307,Tunisia,Pop_60_plus_per,13.7
1308,Turkiye,Pop_60_plus_per,12.7
1309,Uganda,Pop_60_plus_per,2.9
1310,Ukraine,Pop_60_plus_per,26.5
1311,United Arab Emirates,Pop_60_plus_per,3.5
1312,United Kingdom,Pop_60_plus_per,25.2
1313,United States,Pop_60_plus_per,23.4
1314,Uruguay,Pop_60_plus_per,20.8
1315,Venezuela,Pop_60_plus_per,12.9
1316,Vietnam,Pop_60_plus_per,13.8
1317,Yemen,Pop_60_plus_per,4.1
1318,Zambia,Pop_60_plus_per,3.0
1319,Zimbabwe,Pop_60_plus_per,4.8
1320,Albania,Unemp_Total,10.9
1321,Algeria,Unemp_Total,12.2
1322,Angola,Unemp_Total,8.3
1323,Argentina,Unemp_Total,10.6
1324,Armenia,Unemp_Total,20.8
1325,Australia,Unemp_Total,5.0
1326,Austria,Unemp_Total,5.4
1327,Azerbaijan,Unemp_Total,6.6
1328,Bahamas,Unemp_Total,12.9
1329,Bahrain,Unemp_Total,1.8
1330,Bangladesh,Unemp_Total,5.0
1331,Barbados,Unemp_Total,9.8
1332,Belarus,Unemp_Total,4.6
1333,Belgium,Unemp_Total,6.2
1334,Belize,Unemp_Total,7.8
1335,Benin,Unemp_Total,1.5
1336,Bhutan,Unemp_Total,4.4
1337,Bolivia,Unemp_Total,5.6
1338,Bosnia and Herzegovina,Unemp_Total,15.0
1339,Botswana,Unemp_Total,23.7
1340,Brazil,Unemp_Total,13.6
1341,Brunei Darussalam,Unemp_Total,7.4
1342,Bulgaria,Unemp_Total,4.9
1343,Burkina Faso,Unemp_Total,4.7
1344,Burundi,Unemp_Total,1.7
1345,Cabo Verde,Unemp_Total,15.1
1346,Cambodia,Unemp_Total,0.6
1347,Cameroon,Unemp_Total,3.8
1348,Canada,Unemp_Total,6.1
1349,Central African Republic,Unemp_Total,6.4
1350,Chad,Unemp_Total,1.8
1351,Chile,Unemp_Total,8.2
1352,China,Unemp_Total,4.7
1353,Colombia,Unemp_Total,13.1
1354,Comoros,Unemp_Total,9.1
1355,"Congo, Dem. Rep.",Unemp_Total,5.4
1356,"Congo, Rep.",Unemp_Total,22.5
1357,Costa Rica,Unemp_Total,17.1
1358,Cote d’Ivoire,Unemp_Total,3.4
1359,Croatia,Unemp_Total,7.2
1360,Cyprus,Unemp_Total,6.0
1361,Czechia,Unemp_Total,2.3
1362,Denmark,Unemp_Total,4.3
1363,Djibouti,Unemp_Total,27.9
1364,Dominican Republic,Unemp_Total,7.5
1365,Ecuador,Unemp_Total,6.1
1366,Egypt,Unemp_Total,9.0
1367,El Salvador,Unemp_Total,5.8
1368,Estonia,Unemp_Total,5.2
1369,Eswatini,Unemp_Total,25.2
1370,Ethiopia,Unemp_Total,4.0
1371,Fiji,Unemp_Total,4.9
1372,Finland,Unemp_Total,6.8
1373,France,Unemp_Total,7.5
1374,Gabon,Unemp_Total,21.8
1375,Gambia,Unemp_Total,11.0
1376,Georgia,Unemp_Total,11.8
1377,Germany,Unemp_Total,3.2
1378,Ghana,Unemp_Total,4.5
1379,Greece,Unemp_Total,14.8
1380,Guatemala,Unemp_Total,3.5
1381,Guinea,Unemp_Total,6.2
1382,Guinea-Bissau,Unemp_Total,6.6
1383,Guyana,Unemp_Total,14.9
1384,Haiti,Unemp_Total,15.4
1385,Honduras,Unemp_Total,8.4
1386,Hong Kong,Unemp_Total,4.2
1387,Hungary,Unemp_Total,3.8
1388,Iceland,Unemp_Total,3.7
1389,India,Unemp_Total,5.4
1390,Indonesia,Unemp_Total,4.4
1391,Iran,Unemp_Total,11.1
1392,Iraq,Unemp_Total,13.3
1393,Ireland,Unemp_Total,6.0
1394,Israel,Unemp_Total,4.7
1395,Italy,Unemp_Total,9.5
1396,Jamaica,Unemp_Total,8.3
1397,Japan,Unemp_Total,2.6
1398,Jordan,Unemp_Total,18.8
1399,Kazakhstan,Unemp_Total,4.9
1400,Kenya,Unemp_Total,5.5
1401,Korea,Unemp_Total,2.2
1402,Korea,Unemp_Total,2.2
1403,Kuwait,Unemp_Total,3.4
1404,Kyrgyzstan,Unemp_Total,8.8
1405,Lao,Unemp_Total,1.3
1406,Latvia,Unemp_Total,7.1
1407,Lebanon,Unemp_Total,14.2
1408,Lesotho,Unemp_Total,23.9
1409,Liberia,Unemp_Total,3.9
1410,Libya,Unemp_Total,19.5
1411,Lithuania,Unemp_Total,7.7
1412,Luxembourg,Unemp_Total,4.9
1413,Madagascar,Unemp_Total,2.4
1414,Malawi,Unemp_Total,7.0
1415,Malaysia,Unemp_Total,4.2
1416,Mali,Unemp_Total,7.5
1417,Malta,Unemp_Total,3.1
1418,Mauritania,Unemp_Total,11.2
1419,Mauritius,Unemp_Total,6.9
1420,Mexico,Unemp_Total,3.9
1421,Moldova,Unemp_Total,3.7
1422,Mongolia,Unemp_Total,6.2
1423,Montenegro,Unemp_Total,16.7
1424,Morocco,Unemp_Total,11.2
1425,Mozambique,Unemp_Total,3.8
1426,Myanmar,Unemp_Total,2.3
1427,Namibia,Unemp_Total,21.1
1428,Nepal,Unemp_Total,5.2
1429,Netherlands,Unemp_Total,3.5
1430,New Zealand,Unemp_Total,3.9
1431,Nicaragua,Unemp_Total,5.7
1432,Niger,Unemp_Total,0.8
1433,Nigeria,Unemp_Total,9.6
1434,North Macedonia,Unemp_Total,16.1
1435,Norway,Unemp_Total,4.8
1436,Oman,Unemp_Total,3.1
1437,Pakistan,Unemp_Total,4.2
1438,Panama,Unemp_Total,11.7
1439,Papua New Guinea,Unemp_Total,2.6
1440,Paraguay,Unemp_Total,7.1
1441,Peru,Unemp_Total,4.2
1442,Philippines,Unemp_Total,2.3
1443,Poland,Unemp_Total,2.8
1444,Portugal,Unemp_Total,6.0
1445,Qatar,Unemp_Total,0.1
1446,Romania,Unemp_Total,4.7
1447,Russian Federation,Unemp_Total,4.7
1448,Rwanda,Unemp_Total,1.5
1449,Saudi Arabia,Unemp_Total,6.7
1450,Senegal,Unemp_Total,3.6
1451,Serbia,Unemp_Total,10.6
1452,Seychelles,Unemp_Total,
1453,Sierra Leone,Unemp_Total,5.0
1454,Singapore,Unemp_Total,3.9
1455,Slovakia,Unemp_Total,6.2
1456,Slovenia,Unemp_Total,3.7
1457,Somalia,Unemp_Total,19.6
1458,South Africa,Unemp_Total,33.5
1459,Spain,Unemp_Total,13.5
1460,Sri Lanka,Unemp_Total,4.9
1461,Sudan,Unemp_Total,19.5
1462,Suriname,Unemp_Total,9.9
1463,Sweden,Unemp_Total,7.7
1464,Switzerland,Unemp_Total,4.9
1465,Syria,Unemp_Total,10.0
1466,Tajikistan,Unemp_Total,7.7
1467,Tanzania,Unemp_Total,2.6
1468,Thailand,Unemp_Total,1.0
1469,Timor-Leste,Unemp_Total,4.8
1470,Togo,Unemp_Total,3.9
1471,Trinidad and Tobago,Unemp_Total,4.3
1472,Tunisia,Unemp_Total,16.2
1473,Turkiye,Unemp_Total,14.0
1474,Uganda,Unemp_Total,2.9
1475,Ukraine,Unemp_Total,8.5
1476,United Arab Emirates,Unemp_Total,3.3
1477,United Kingdom,Unemp_Total,4.0
1478,United States,Unemp_Total,4.1
1479,Uruguay,Unemp_Total,10.3
1480,Venezuela,Unemp_Total,5.5
1481,Vietnam,Unemp_Total,2.3
1482,Yemen,Unemp_Total,13.3
1483,Zambia,Unemp_Total,13.0
1484,Zimbabwe,Unemp_Total,5.0
